,resource_state,name,distance,moving_time,elapsed_time,total_elevation_gain,type,id,external_id,upload_id,start_date,start_date_local,timezone,utc_offset,start_latlng,end_latlng,location_city,location_state,location_country,start_latitude,start_longitude,achievement_count,kudos_count,comment_count,athlete_count,photo_count,trainer,commute,manual,private,visibility,flagged,gear_id,from_accepted_tag,upload_id_str,average_speed,max_speed,has_heartrate,average_heartrate,max_heartrate,heartrate_opt_out,display_hide_heartrate_option,pr_count,total_photo_count,has_kudoed,suffer_score,athlete.id,athlete.resource_state,map.id,map.summary_polyline,map.resource_state,workout_type,elev_high,elev_low
0,2,Lunch Activity,0.0,2632,2632,0.0,Yoga,4520915128,17A3662B-9A36-4B20-ADC9-37B0995C58D5.fit,4830349421,2020-12-26T16:36:45Z,2020-12-26T11:36:45Z,(GMT-05:00) America/Toronto,-18000.0,,,,,Canada,,,0,2,0,1,0,True,False,False,False,followers_only,False,,False,4830349421,0.0,0.0,True,114.1,149.0,False,True,0,0,False,9.0,61977875,1,a4520915128,,2,,,
1,2,Lunch Activity,0.0,1914,1914,0.0,Yoga,4513288770,6D5463CB-CC41-48E7-ABF8-609B48514185.fit,4822251988,2020-12-24T17:07:54Z,2020-12-24T12:07:54Z,(GMT-05:00) America/Toronto,-18000.0,,,,,Canada,,,0,4,0,1,0,True,False,False,False,followers_only,False,,False,4822251988,0.0,0.0,True,110.5,136.0,False,True,0,0,False,5.0,61977875,1,a4513288770,,2,,,
2,2,Afternoon Run,5042.2,1778,1888,10.0,Run,4509837442,F6E71649-DFCB-41C1-84E8-3486AE187BE4.fit,4818614659,2020-12-23T20:58:48Z,2020-12-23T15:58:48Z,(GMT-05:00) America/Toronto,-18000.0,"[43.450363, -80.497335]","[43.450282, -80.497389]",,,Canada,43.450363,-80.497335,3,4,0,1,0,False,False,False,False,followers_only,False,g6591411,False,4818614659,2.836,4.7,True,171.5,193.0,False,True,1,0,False,87.0,61977875,1,a4509837442,wkehGjcijN\e@Xq@ZaAf@qBN_@B?V@f@NnDpBr@Z`AX\V`AbAP`@Lf@b@dDn@tDR~@v@bCh@pBXr@r@rANd@DXD?j@[RGR@PHLLLZBRAlABPLTTXXNtAZVJDD@F?f@]rDy@zEOhAITSVIR[pBo@pBq@nC_AbDoDhNgAlDQ`@c@r@w@fAo@p@a@^m@^k@b@s@\cAt@gCrAoJnFgAr@H@rFcDfE_C|A_Az@q@rAq@t@g@nAcAd@g@f@s@xAaCVm@`A_D`BgHnCqKt@oCZ_ADWPgBDMRYHSJc@TmAf@sDR{B@s@EM[Ku@ESCe@QUWKWCQ?iACYIYKQOKUESBk@NM?GEoA}CaAgD[k@KGOBQJk@d@GBYAIc@m@uFIa@UYg@]oAi@q@i@]U}Aq@qAu@{@_@WESDKJ]l@,2,,329.9,324.3
3,2,Afternoon Run,3741.1,1320,1554,10.1,Run,4492646985,C1E004E2-DD21-472F-9207-D0361C2F40E0.fit,4800451795,2020-12-19T18:58:18Z,2020-12-19T13:58:18Z,(GMT-05:00) America/Toronto,-18000.0,"[43.450182, -80.497334]","[43.450347, -80.497551]",,,Canada,43.450182,-80.497334,0,4,0,1,0,False,False,False,False,followers_only,False,g6591411,False,4800451795,2.834,6.9,True,163.2,181.0,False,True,0,2,False,50.0,61977875,1,a4492646985,sjehGjcijNtAeGJ]HKVDRHfB~@~@b@nAp@lA^NJx@|@VBz@CRDV^j@nAPP^P?BD`@@v@ZjCN`CHn@NZdAnANZJl@NtBT\f@n@HX@PE`AD\PZ\Z`@JfANPHBB@F?b@Gx@c@rDm@hDMtA[t@a@|A]x@{@nDsA~EuArFm@xBg@|B_AxCQ`@W`@{AjBIDKAGGSg@Mu@Cs@@c@Hg@BYGwCRaD@y@Qm@m@wAw@yCKUk@_AKa@O_AM_@_AmA{@aBSQO@_@Ry@p@QA]e@Wc@Uk@IY?ODMTe@jE_G`@o@`CyEXw@DWKYk@m@e@u@q@s@q@}@[[{@m@e@e@qAiBkAwA@QbAuEHm@L{AXyA,2,0.0,332.2,324.6
4,2,Lunch Run,5872.3,2086,2212,11.0,Run,4463478246,52C3BE47-1772-4F6F-BA5F-10C33B7C3577.fit,4769682275,2020-12-12T16:54:41Z,2020-12-12T11:54:41Z,(GMT-05:00) America/Toronto,-18000.0,"[43.450274, -80.497469]","[43.450451, -80.497466]",,,Canada,43.450274,-80.497469,1,7,0,1,0,False,False,False,False,followers_only,False,g6591411,False,4769682275,2.815,4.4,True,172.1,190.0,False,True,0,0,False,108.0,61977875,1,a4463478246,ekehGddijNTqBR}@z@yBLUHGZHlCnA|BlAnA`@PL`@n@XVR^Nj@d@vCf@jCd@lC|AdFxAbDBDN@h@OPAPBLHPVFT@PEp@@PH\LRNNZNrATXJDFBZCl@g@jEIfBE\i@jBm@rAUvAUr@s@|CeB~FiAdF}A`Gk@vAu@~Am@~@}@lAk@l@w@l@mDxBqIxE{HpE_@PoAz@aDbBkBlAaBt@yAz@o@Pd@Ad@SlBiA|BoApA}@lBcArA_A~Au@`E}BxBsAdFuCfCoAbAq@pAgAbAoA~AwBTm@l@mBRy@Pm@Lu@pAqFrBsHbAgE\cAb@gCr@gCd@iCf@}DBu@CYUO}@M]K]UQUQYIW@[Jy@MUg@i@ICk@VQBO?GGmAgCi@}Aa@aBMYKMOEG@WLm@d@MBMAO}@m@kFCMKOUSuA{@uFgCqAw@_@QMAQLaA`A,2,0.0,330.8,324.3
5,2,Afternoon Run,5108.0,1752,1972,9.8,Run,4434559858,E654CA06-CD50-4035-B778-0532304606BB.fit,4739244921,2020-12-05T19:40:32Z,2020-12-05T14:40:32Z,(GMT-05:00) America/Toronto,-18000.0,"[43.450429, -80.497541]","[43.450475, -80.497445]",,,Canada,43.450429,-80.497541,0,4,0,1,0,False,False,False,False,followers_only,False,g6591411,False,4739244921,2.916,6.3,True,167.8,185.0,False,True,0,1,False,80.0,61977875,1,a4434559858,clehGtdijN\k@j@uANi@d@uBTk@X?^LjFhCXJn@HRJh@t@f@l@Tf@Lp@f@nD`@nB\zBxAxEpAxCNTJFH?f@ONCPBNHNTFR?VC`AF\JRVXXNXFv@Fb@N@f@_@jDiAnHg@rA]`BWj@w@dDeEdP{@`E]~@o@pAcCpDu@v@c@^{ClBcE|BiBhAuEbCuA~@REjAo@zCiBvI_FxCkB~AuA^_@zBuD^_Ar@}BnAqFbDcMt@aD\}@XmBr@eCZ}AZ}B\_D?c@IKSIkAO]KYSWa@GMAMD_AAYGWKQo@{@QcCOw@SWq@q@S_@Uu@OWWGMBy@b@e@`@i@\QFKCEGISIc@]uDMaA]a@oEgCcBq@{@c@q@e@WKSASFWPs@t@,2,0.0,329.8,324.3
6,2,Afternoon Run,5816.2,1968,2143,10.9,Run,4404093763,FFF3383F-1096-4219-951E-7BA3C576BCD8.fit,4707068172,2020-11-28T20:26:05Z,2020-11-28T15:26:05Z,(GMT-05:00) America/Toronto,-18000.0,"[43.450106, -80.497144]","[43.450351, -80.497476]",,,Canada,43.450106,-80.497144,5,5,0,1,0,False,False,False,False,followers_only,False,g6591411,False,4707068172,2.955,4.5,True,176.9,191.0,False,True,2,2,False,117.0,61977875,1,a4404093763,cjehGdbijNXwAh@}BRe@HC^JnAr@bD|ArAd@ZVz@~@N`@H^d@hCb@vCp@dDRr@zC~HHLHDLA`@QNCN@PFLLJ^BNCv@BXDTNZNPVP\J|@NVHBF?b@QzAi@pDc@`CCdAi@hA]tAWr@oA~EiB|GmA|EmBpGQb@g@`AeBhCsBlBsBpA}DtBiJjFwInFmDjB{CfBq@VXGlBiAbDeB`CwAfFuCjC_BlEaCxD}BpBiA|B{AhA_A`@g@`@k@dBaDt@sBn@qCfDkMfBgH`@iAh@mBpA}H^aD@a@AWQQMEgASUIOIUSMYGU?oAAUK[UYQIK?MDa@ZI?MI_@_Ay@{A[w@o@oBUe@KCO@_An@Q?ECQ{@k@cFGYOUWQuAq@mAs@sG{CEASHs@~@,2,0.0,330.8,324.3
7,2,Lunch Run,4596.3,1521,1922,20.8,Run,4376290699,3E3BB7CD-9E70-4657-A3D8-1D3966CF248C.fit,4677524938,2020-11-22T16:23:24Z,2020-11-22T11:23:24Z,(GMT-05:00) America/Toronto,-18000.0,"[43.450478, -80.497471]","[43.450653, -80.497378]",,,Canada,43.450478,-80.497471,3,5,0,1,0,False,False,False,False,followers_only,False,g6591411,False,4677524938,3.022,5.3,True,167.5,185.0,False,True,2,4,False,69.0,61977875,1,a4376290699,mlehGfdijNXMJQj@aC^y@d@{AFIFEPB\LdClA`Al@dA`@t@Tx@bAVPlAQp@`AZh@`@d@PXJv@VxCJtBJ~@R\z@bAR^N|@PnBn@fALXD\?`AH`@P\NTlAJ\JTJDDBH?`@KnAc@nDi@xCM~@a@fA]xAYt@aAdEm@rBq@jC}@xC{@lDq@bDe@hBO\_@h@kBvBqBbBiC~A}BlAmC~AgBz@{DzBm@^[X[JICK[u@yDk@aCw@kC}A}GiAqEe@qB]kCoA}EQ}@?c@Ho@bCyLIYGIQKq@W[Qo@g@EIAKTqAhBcIh@wCxA}F`@mBv@aDd@}Ar@iB@eBJcBLo@r@aCR[\EXB`@Nz@j@nAn@f@Rr@N,2,0.0,345.6,324.6
8,2,Evening Run,4241.7,1494,1628,22.0,Run,4366824328,911786CA-223F-460C-9289-B3DC2F1E5297.fit,4667462657,2020-11-21T00:18:34Z,2020-11-20T19:18:34Z,(GMT-05:00) America/Toronto,-18000.0,"[43.469057, -80.534383]","[43.469203, -80.534807]",,,Canada,43.469057,-80.534383,1,6,0,1,0,False,False,False,False,followers_only,False,g6591411,False,4667462657,2.839,5.1,True,162.4,177.0,False,True,1,0,False,53.0,61977875,1,a4366824328,q`ihG|jpjNb@o@P[X{AP[fAkAzB}CzFsG~A_Cd@w@Rc@H[Bo@MmCCcBGqAB[TiADY?_CFmAC[GGYCgCRg@Ak@Ia@KSKMMq@y@SKI@[N_@T_B|AaI~G_@`@AVBVNj@RZh@`@^j@Xn@`@vAt@zAb@xCAjAD^t@bCZp@d@n@`@ZTAZOd@g@f@q@j@i@fAyApB{B`@m@jAoBb@_AVy@RiAb@{E|@qFBy@AIMIUES?eANINWdACd@Dj@Q\EPGt@@pEH|CCn@Mj@_@r@kAfBgEzE_AnAiAnAwAxBsAvAENDh@Jn@?PCPmCtFiAlBoD`IRKhBaEhCqFTw@BWAe@,2,0.0,334.7,324.2
9,2,Evening Run,6335.0,2029,2562,43.0,Run,4358167807,53B394F7-BF3F-4D0B-B5B7-EDCB97FDB294.fit,4658312995,2020-11-18T23:50:46Z,2020-11-18T18:50:46Z,(GMT-05:00) America/Toronto,-18000.0,"[43.469107, -80.534476]","[43.469472, -80.533925]",,,Canada,43.469107,-80.534476,0,6,0,1,0,False,False,False,False,followers_only,False,g6591411,False,4658312995,3.122,5.4,True,172.5,192.0,False,True,0,4,False,104.0,61977875,1,a4358167807,{`ihGnkpjNTWTc@J[ZsAP]hAsAzDgF~BoCpAuAjAiBdAwAR_@Tw@RkAJq@`@aFdAaGBg@@e@ASGEWCaBV}BJ}ALe@Ae@Ka@S[Ui@k@SOMCIBYNe@\_@`@SZBl@JhAAVqCfCaA~@eAv@W`@G`@@\Fb@h@v@f@|Af@fAJ^ZdCD~ALz@z@tBVf@f@l@VPFCXQZ]lGkHTYl@mAv@eARS?uBYeACkAF{AVgBDg@DgECm@IKYCuCL[?YCa@Ma@UgAeAKEKBc@RgA|@{AtAuBbBy@z@_BlAWVSX@b@Pl@PXl@b@PXZn@p@hBl@vAd@zCBfBPx@^jA^v@f@n@`@XF@PCXO\]fGcHtBgDd@aATw@RaAHm@NuBRyA~@{FHwAK[KIUA[F_@NOJEFO`@Sz@Mp@IjAWbAAb@HpA@vBH|BAhAE\O`@Yd@wAtBqBzByAlBsBnBI@OMgAkB{@yBKm@@q@?_@]wBOk@c@aAg@eBMWYa@Ws@QI_@GKEs@y@IEI@_@\mB|BkBlBcAzAKPALJd@Ld@Th@dAnBrAfDdFvIx@dA,2,0.0,339.5,324.7
10,2,Morning Run,2877.2,993,1042,4.6,Run,4342639015,27E7473B-E15E-40A1-9EB3-83D129641658.fit,4642027508,2020-11-15T15:43:01Z,2020-11-15T10:43:01Z,(GMT-05:00) America/Toronto,-18000.0,"[43.455179, -80.518088]","[43.450447, -80.497585]",,,Canada,43.455179,-80.518088,0,4,0,1,0,False,False,False,False,followers_only,False,g6591411,False,4642027508,2.897,4.9,True,177.7,188.0,False,True,0,0,False,60.0,61977875,1,a4342639015,yifhG`emjN^OnBmAfGgDvDaCp@[lEkCrMmHj@a@tB_Bf@m@b@u@fB}BXq@~@mDh@mCjA_FtCsKNeAZw@RqAFOVWDILgA`@}B^}BVcCBg@A_@KISG}@OYI[QUSIQIY@iACSEQSYYKY@i@LGAIEIOEWe@q@a@_AY_Ac@iBYk@GCYDULm@d@GBGGISG_@i@wEMq@KOWSkAk@kAs@qAk@cB_AcB{@MCM@KFc@z@a@b@,2,0.0,330.7,324.5
11,2,Morning Run,2965.3,941,1014,6.2,Run,4342638899,B74A747F-6727-4944-98CD-A1EADB0DC4DB.fit,4642027396,2020-11-15T15:24:28Z,2020-11-15T10:24:28Z,(GMT-05:00) America/Toronto,-18000.0,"[43.450437, -80.4975]","[43.455205, -80.518015]",,,Canada,43.450437,-80.4975,2,5,0,1,0,False,False,False,False,followers_only,False,g6591411,False,4642027396,3.151,6.0,True,175.3,186.0,False,True,0,2,False,54.0,61977875,1,a4342638899,elehGjdijNZe@l@sAXy@h@{BDKJIXDrBt@pBpAj@V|@VRLp@x@Tb@Tv@pAjH`@rBl@pBh@rBr@dBh@fANNF@LA`@MRAH?NFPPJRBTCv@@`@JZTX`@TxAVVJDDAh@Kt@}@lGYbCI\a@|@WjA{@`DmA|D{BzIy@nDy@pCa@jAe@`Ai@z@kA~A_Ax@qBpAwJpFiFzCoBlAwBjAuAx@gAh@mGrDg@T,2,0.0,330.7,324.3
12,2,Lunch Run,3143.4,1099,1099,22.7,Run,4337530075,0EA8D44D-49DB-49B4-A9A7-B3D1475F956D.fit,4636617803,2020-11-14T16:49:43Z,2020-11-14T11:49:43Z,(GMT-05:00) America/Toronto,-18000.0,"[43.382926, -80.428949]","[43.382754, -80.429414]",,,Canada,43.382926,-80.428949,0,5,0,1,0,False,False,False,False,followers_only,False,g6591411,False,4636617803,2.86,4.4,True,170.7,185.0,False,True,0,0,False,54.0,61977875,1,a4337530075,gfxgG|w{iN_@Ka@Ak@Ni@X_@ZgDfDk@v@CRHRf@l@L^Dd@EpA@DBBl@H~CDtAGj@@d@NlAr@TPb@p@bAtBLv@RnBDn@?bABHRR^LZBv@Cb@FLLN\^fBDh@ChAOxAKb@S\OJe@NOHSRQVM\K^Gv@EzABt@j@vDTbAJDL@h@EfD_AfAO|A_@bEy@bCi@f@SNoBJ]Zi@Da@Cy@UcDUuBCo@J_Al@mEDu@CMWSYO{EyAgASs@e@u@YgBg@cCi@i@IUIQQu@gA_@g@a@]}@q@e@g@]q@a@wAMYWC_ABQCEEGOGa@O{A,2,,317.1,294.1
13,2,Evening Run,4676.5,1528,1780,16.2,Run,4325016453,A4C0873D-D3D0-4D2B-A8D0-EC655F409665.fit,4623304502,2020-11-11T23:35:57Z,2020-11-11T18:35:57Z,(GMT-05:00) America/Toronto,-18000.0,"[43.469466, -80.534574]","[43.469085, -80.534382]",,,Canada,43.469466,-80.534574,1,7,0,1,0,False,False,False,False,followers_only,False,g6591411,False,4623304502,3.061,5.0,True,158.3,187.0,False,True,1,0,False,45.0,61977875,1,a4325016453,ccihGblpjNNJJ@T`ACXKb@Yt@_@n@m@x@oBlBK`@[lBu@dCeFbKWZWTeAf@]RQXc@dA]j@Y`@_@^oBdBYPwAn@aB|@sA`A_A\yAn@e@N{@LYHaBx@s@Z{Cz@}DbB}Ah@kBf@sAV]DcABg@LL@f@EnAAx@Mt@OnC_A~BcAxBo@zEmBrEcBn@]p@MPGjAs@rAm@pC}At@e@vCaCfByBdAo@LOR_@pBuE|@aBl@qAn@iBnCqGzAuCv@gBb@m@^s@Ne@Ha@?_@G}@@SJ]PWt@y@rBiCpBsCh@k@|@w@rBaCrAwBXk@Tm@eBfCeA`BqC~CqDhEo@v@iAbBe@l@O\Q`AKZQ\Y^,2,0.0,343.8,326.4
14,2,Lunch Run,5062.9,1823,2020,9.6,Run,4309594330,C81E7FFA-39D7-40B3-B1DF-17006E6121EE.fit,4606910476,2020-11-08T17:36:56Z,2020-11-08T12:36:56Z,(GMT-05:00) America/Toronto,-18000.0,"[43.450866, -80.497176]","[43.450187, -80.497039]",,,Canada,43.450866,-80.497176,2,8,0,1,0,False,False,False,False,followers_only,False,g6591411,False,4606910476,2.777,5.7,True,162.8,178.0,False,True,0,0,False,65.0,61977875,1,a4309594330,{nehGjbijNx@Vd@FP@PS`@iAz@uDHSFEL?RFnChAh@VhAt@XLb@HVPfArAXn@TbAr@nEx@fExA|EhArCHJHBJ?t@OP@NHPRH^@jA@PJXPRVL|A\TLLL?\OfBkA~GSrBYz@aCfJcA|Ce@bBk@jCa@pAgArEa@pA]z@]h@aBpBe@t@UPe@Zs@l@o@b@wAt@mAt@iBv@cDpBgAx@kCvARA~CmBj@Wb@Ox@OXMXQtAoAlBwAh@[dAa@j@]tB_B^_@|@{Ap@}@Xe@L[^kBj@iBpA{F~CkL`@sB\eAPaAb@uAVeB`AmFXgCCe@MWWIoAOOEWS]k@IUb@gAM[QQe@]WDk@VK?MK}AyC[aAg@oBSe@KEUDeAt@QDO?GUC_A[mDKw@EIQSc@[oBeAcC_BkBaAg@S]KW?WB,2,0.0,329.9,324.3
15,2,Lunch Run,5963.0,1991,2139,11.1,Run,4303731606,02B792FD-9438-4AD5-B36B-AAD5529FEB64.fit,4600680821,2020-11-07T17:37:54Z,2020-11-07T12:37:54Z,(GMT-05:00) America/Toronto,-18000.0,"[43.450418, -80.497419]","[43.450424, -80.497436]",,,Canada,43.450418,-80.497419,5,7,0,1,0,False,False,False,False,followers_only,False,g6591411,False,4600680821,2.995,4.6,True,184.6,198.0,False,True,3,1,False,134.0,61977875,1,a4303731606,alehGzcijNbAyBrA{D@CFARB`@LtBbAnBfAXJT@LFr@j@f@p@Vl@Nj@\`Cl@rCZ|BLl@hA~D|AlDFHRB`AURBFBJNJZBV@hAFTLT^T`Bb@b@TCr@KbAiAhHMtBgBxEaAhEcA`DoAzFy@vCs@vCUl@{@pB]n@[b@_AbAgBzAwA`AgAj@uBnAqB|@i@XyCjBcAh@kA|@uAp@wChBgKtFuAf@UNYZBBRAn@i@vB}@bCyAjB}@zBmAzAaAZO^Kb@UVUp@WtC{Bn@[xAi@hBkA`CeBvBcApAeAx@i@h@i@^i@t@_An@eB`@kBr@uBZeAjAiF|@_Dz@wDbAyC^eB`@}A^kBbAaHJkA@g@CQQKmAYa@Qa@]_@e@IQJY^e@BMIMYWWKU?q@NSEKMaAcBQ_@Uu@g@{BO[MMMEU@aAf@[DEGIc@e@uEM}@Yg@a@a@UO}@Uu@e@kAk@}@i@eA]{@a@U?OFUTk@l@,2,0.0,330.9,324.3
16,2,Afternoon Run,5010.3,1698,1913,23.7,Run,4287405758,F2BF0613-E6CD-4E53-BC4D-F976FC106786.fit,4586156261,2020-11-04T22:58:46Z,2020-11-04T17:58:46Z,(GMT-05:00) America/Toronto,-18000.0,"[43.45147, -80.497031]","[43.451629, -80.496767]",,,Canada,43.45147,-80.497031,3,5,0,1,0,False,False,False,False,followers_only,False,g6591411,False,4586156261,2.951,4.4,True,173.5,195.0,False,True,2,0,False,94.0,61977875,1,a4287405758,urehGnaijNbBn@TFb@D`@E`A]REXATFZLlC~A`Bt@hAr@nAn@VPXlAf@zDH`@LXFFL@j@e@LIL?F@LLP\t@fC`BrDHDL?h@ORCPBJHNVDNAzADTFPTVVN\HhAR\LBLGbAQlAk@|CYzBOxAa@dA]zAUh@w@`D{@xC_AxDaClI{AdFO\Yb@aAnAuAtAaAr@q@ZcAv@gDjBuBrAiAf@kAz@iAl@aAn@m@Zw@VmAv@kCxA{ClBwBbAaAl@UHU@UMOa@Kc@SaBK_@gA_@i@Sq@g@eA_@_Am@qBgA{@o@QY?QNcA^kBlAqEfBiHXeB^{AlAyFh@uBf@wCv@mDfAoE~@gDn@iEFw@Bw@D]Ja@v@sBj@gDfAeDNu@d@sC\wA`@qAt@mBR{@N_A?yABo@Fg@RgA\cAb@o@R?\DhA^,2,0.0,348.2,324.5
17,2,Lunch Run,5854.5,1883,2363,11.0,Run,4272866439,52A07E77-34D3-465C-B676-E6515FD06893.fit,4570752046,2020-11-01T17:11:40Z,2020-11-01T12:11:40Z,(GMT-05:00) America/Toronto,-18000.0,"[43.45048, -80.497352]","[43.450487, -80.497444]",,,Canada,43.45048,-80.497352,5,4,0,2,0,False,False,False,False,followers_only,False,g6591411,False,4570752046,3.109,6.9,True,173.2,189.0,False,True,1,0,False,100.0,61977875,1,a4272866439,olehGncijN^OPUdByEJSDED?R@VJvE`CvAb@XRTTf@l@Th@lBjLLd@d@nAd@tBTn@rA~BLNLDF?l@GN?LFTTLXBNEv@Nn@RTPJPDhANZLLJ@\Ap@QnBo@fDg@bDg@`BMzA]p@c@lAyAdFyEjR[~@_@z@}BfDcA~@iAx@yBjAsElCuCvAaBdAmAp@wAdAcBfAkBx@{@b@gDtBoDlBCDBJd@SxAcA|@e@lHgErAs@jAg@j@e@rA{@|EiCfAs@nAq@bBiArAq@xC}Bx@}@r@cAx@{AdBgEf@yC`AkExD{NV}AP{@x@iCd@sC`@iDD{@Ci@YOcAQ]K[SQUSa@EU\q@FSMWUUQKQCu@RQ@OEOQmAcCe@iBSoAGIg@WUF_Ab@_@?MaA[sDSkA_@YyAu@eEgC_DsAG?UJgA`A,2,0.0,330.7,324.3
18,2,Evening Run,6057.8,2082,2440,12.0,Run,4263985022,ADE59F32-FB35-481E-87B9-952B824B3B90.fit,4561302313,2020-10-30T22:12:34Z,2020-10-30T18:12:34Z,(GMT-05:00) America/Toronto,-14400.0,"[43.450327, -80.497569]","[43.450528, -80.497466]",,,Canada,43.450327,-80.497569,8,3,0,2,0,False,False,False,False,followers_only,False,g6591411,False,4561302313,2.91,5.6,True,160.7,178.0,False,True,2,0,False,75.0,61977875,1,a4263985022,okehGxdijNj@iB|@sDZo@N?XDpDfBfAd@fAZTRd@p@`@ZVx@l@~DjAhGzA`FtA~CDFLBH?n@SLAJBLFPVH\@`@G|@DJf@d@jBf@\LDFAv@MjA{AzJc@tASpAaFjQuCdL_@fAi@bA_@n@{@jAS\iDjC_CjA}ChB_Bx@mEdC{BxAaEtBeBnAqH~D}@VWLa@\ADHFZ_@ROJEb@CRI|@i@`@YvE_CtAy@lBeA`BgAlBeAxBuAn@YtAa@b@UrC_CfAq@tAm@jAu@xAwAx@kAxAkBT[Ra@fAaDb@kC`ByHlCaKnAeER{AfAgGPmB@o@A][O{A_@OIs@gA?GJk@?UI[KUUSSCQ@g@PSESUmAeCW}@YgBg@gAc@gCq@uCo@aEI]MOYS]]QMiAc@oEoCcAc@QCCBEJc@pAc@|@s@~BQX]X,2,,330.9,324.3
19,2,Evening Run,4529.8,1565,1648,23.4,Run,4256334107,65F6A8E5-4176-4966-976B-FCA5BE1FCC4E.fit,4553181381,2020-10-28T22:14:34Z,2020-10-28T18:14:34Z,(GMT-05:00) America/Toronto,-14400.0,"[43.450484, -80.497047]","[43.450774, -80.497452]",,,Canada,43.450484,-80.497047,4,5,0,1,0,False,False,False,False,followers_only,False,g6591411,False,4553181381,2.894,4.5,True,167.7,180.0,False,True,2,0,False,71.0,61977875,1,a4256334107,olehGpaijNTBNCLGJMVm@r@_CPa@FE^Fh@PhDbBjBp@\V`AdAVh@Pz@`@|Cz@|ERp@v@vBp@zBn@~AVd@PLRAp@UL?HDLPDNDb@BfADRHRTVZPXJ~@PXLDFAb@MdB_@hC_ArF_@dAo@vB_B|GmBbH}BjJg@nAuAlC]j@]`@mApAi@d@}@d@i@^mB`AoEhC_Bv@mD~BgAh@u@VIIK_@u@{E[iCUkAYaAq@eBaAcDMk@WaB]w@e@cBQkAa@eAWy@{@sEE]BSt@gEJw@@_@CYMk@Uq@SWo@m@KK?Cd@qB^iCpAkFp@}DrA{Ej@kDtAyEl@yATy@H_A?i@Ea@Be@ReBRu@PSPCjAVdAJh@PvBjA,2,0.0,345.9,324.3
20,2,Evening Run,4864.9,1535,1972,12.9,Run,4252049595,500146AA-4917-4961-9196-0F0D71D28469.fit,4548669301,2020-10-27T22:04:37Z,2020-10-27T18:04:37Z,(GMT-05:00) America/Toronto,-14400.0,"[43.450408, -80.497312]","[43.45062, -80.497298]",,,Canada,43.450408,-80.497312,0,4,0,2,0,False,False,False,False,followers_only,False,g6591411,False,4548669301,3.169,5.9,True,167.0,182.0,False,True,0,0,False,68.0,61977875,1,a4252049595,_lehGfcijNRSN[lAsD\w@HGXBh@P|DxBf@Pr@L^T\^`@h@Xr@Rv@lBtKpApE|A`EBFL?r@URATBPHNTFP@\EdABb@FB`B\^NXNNP?LM|A{AdKI\Y`ASjA}@jCiA|DaAbEm@rCQr@eA`D_AbDYt@e@~@e@v@m@v@KV}@|@o@h@gB`AqAn@sBhAaBv@_Bn@iD~BwA|@?@b@ExAu@rA_AdCmAzBqApEuCtCuBF_@A[YyAE_AFuBAgCPeCB_AKi@]oAm@oBeAoCm@yBS]q@{@}@aBQSWDWL{@n@GBM?W[m@qAQSEa@h@w@bAiAn@y@zAqBf@w@v@yAv@iBNQd@_BQe@_@m@q@y@aAaAY]Fk@Lk@v@cD`@iBNcADe@W_@m@g@[OaBk@qAq@UOKKKUUgAMSMK,2,,332.2,324.3
21,2,Lunch Walk,4195.6,3281,3346,54.5,Walk,4243174207,97E06C63-5539-4346-A9F4-842FA6734FC1.fit,4539242461,2020-10-25T16:25:32Z,2020-10-25T12:25:32Z,(GMT-05:00) America/Toronto,-14400.0,"[43.394287, -80.416124]","[43.394111, -80.416633]",,,Canada,43.394287,-80.416124,0,3,0,2,0,False,False,False,False,followers_only,False,g6591411,False,4539242461,1.279,2.3,True,109.0,145.0,False,True,0,0,False,10.0,61977875,1,a4243174207,gmzgGxgyiN{@s@SYUi@MEQJ{@z@iBrBMCOGs@eAO@eANKAWIQAeARm@R_AJy@`@e@Fe@`@s@Vk@l@i@NwA|Bm@h@g@~@UtAOn@G`@?pAJn@?VIXe@v@K^E\AjBKhCGbC@`@Rz@BZAtAHxBA`BJtA?b@EpAB`A?zANjALjB@\EBL`@BPAPG~@Qt@Wn@CPCbA[lBGh@Qv@UbBe@fBa@jCi@xBIj@F`@JALGp@q@t@e@p@u@z@m@bA}@r@i@LMFQCW]w@G[C_@@eAGs@IUYk@a@eAESBg@ZsCGa@[_AEgAKu@IyAKy@AoBF{AOcC@_BGgC@iAE_@Uw@Ea@LkCFaEFiAHg@f@cAHWG}@@kBr@yCZs@h@i@|A}BPANGt@s@d@Mz@k@^Gt@_@v@Kx@Yn@Q\?f@J|AQLJf@v@LDJ@TMt@cAn@o@j@c@TGZl@l@~@`@jA^f@,2,,313.0,277.6
22,2,Afternoon Run,5773.4,1895,2299,9.8,Run,4238311492,80F9F35C-92E8-46E5-B308-4C12CB327AF4.fit,4534102695,2020-10-24T17:36:22Z,2020-10-24T13:36:22Z,(GMT-05:00) America/Toronto,-14400.0,"[43.450406, -80.497475]","[43.450007, -80.49699]",,,Canada,43.450406,-80.497475,7,5,0,2,0,False,False,False,False,followers_only,False,g6591411,False,4534102695,3.047,7.9,True,168.8,194.0,False,True,2,0,False,87.0,61977875,1,a4238311492,_lehGfdijNZSTc@Rq@p@yCVu@DIFAR?VFtAh@tBhAbBr@d@^dArATj@ZvA^rD`@tB|@tCb@rBfA~BVx@DHHD`AUVBRJPXHT@T?bABRLZRRNJbB`@JHFJBTA\YpCy@~EU`Be@nASxAOZa@bBmBhGcBpGw@dDoA~D]~@m@lAiAxAI\c@^qAp@aAv@o@`@{FzCoChB{C~AqA|@gAl@cCnAsD|BaDtAiAz@NA|@_@bJeFjFmChEwCf@S~@Y`@SvAcAlAq@|AeAlAu@tAcAr@c@TUx@uA|A}BVm@l@kBT{@X}AjAqFxBoIXqAPgA^eAb@uBx@qCVyAl@uEFu@?e@KIUKwAYWKUUKQKYA[@u@C[MYSSKGK?kAb@G@KASc@aAuCWaA_@kBKGa@K}@f@YFIAOc@Ie@SuCQuAISYc@[U{Ay@wAk@kAg@iAi@cB_A,2,0.0,330.6,324.3
23,2,Afternoon Run,6152.9,2156,2378,13.9,Run,4234410961,4DA41C4F-549E-467A-95FC-DD48EC55FDF9.fit,4529994521,2020-10-23T21:48:08Z,2020-10-23T17:48:08Z,(GMT-05:00) America/Toronto,-14400.0,"[43.450238, -80.497434]","[43.450356, -80.497449]",,,Canada,43.450238,-80.497434,3,4,2,1,0,False,False,False,False,followers_only,False,g6591411,False,4529994521,2.854,6.7,True,158.9,194.0,False,True,2,1,False,86.0,61977875,1,a4234410961,}jehG~cijNP_@L_@r@aDTu@HUFEPCN?VHjAp@z@^hAj@lAd@XV`AlAJVFVtB~Kn@lBh@`C\`ArAdCVBb@MXCPDVRLZBPC`ABZH\PVLJPH|@JVHLFPPCn@KdAc@`Dk@jDMlAm@fBQr@w@fCo@xCiBjG}@nDg@|Ba@xAoAfD_@p@a@f@u@x@e@^[^q@h@cAh@_@b@YT}BjAi@Ru@TYLyBxAmCjBkBdAcBdAiE~BsBrAuBdAiAn@YLo@Ny@b@f@WPCh@@PEr@k@|Au@lD{BpBkAnB_AzA_AtAs@pBwA~@e@vAi@n@[|GkE`Au@d@e@VGDSBYAWQsAEc@DwCEuBR}EMw@c@kBWqA]kAG[@KzD}C|CaDx@s@x@m@h@m@NI~@UnB`@\BNEP]JW\eBZmB\gDDw@C[_@SwA_@a@YMWGQAYDy@CUO]KMSIQAWFm@VOBCCEKGg@GWcAiCq@_CKSSWKEMBy@d@SHa@CGe@UsDSwAOs@WS}AeAeDeAoB{@{@g@OEO?QNg@fA,2,0.0,330.9,324.3
24,2,Evening Run,4517.0,1561,1652,25.7,Run,4222176462,04E61BC1-1E9F-4B6C-B329-18FC0815A6C2.fit,4517044995,2020-10-20T22:26:01Z,2020-10-20T18:26:01Z,(GMT-05:00) America/Toronto,-14400.0,"[43.450294, -80.497309]","[43.450839, -80.497521]",,,Canada,43.450294,-80.497309,4,3,0,1,0,False,False,False,False,followers_only,False,g6591411,False,4517044995,2.894,4.8,True,168.2,179.0,False,True,3,0,False,70.0,61977875,1,a4222176462,ikehGdcijN`BoFVo@FE`@Fd@PlAj@dB~@`@R~@Z\Tx@`ANXHXR~@n@xD|@jEtArE~@xCXr@LRHDJA^SNGP?RJLPFPD`@BbADTNVNNRHbAHb@L\TAXEn@S|A{@rF]|Ba@dA[dAgAfEa@hBq@xBo@pCqCnKYx@s@~Ao@dAkAbBe@b@qA`AmCfBuB`AsBjA{@b@{@h@kAx@sAp@iAp@g@NGMMaAWy@a@aBo@iDwAyEi@sB[cAWk@KMWMIOi@_DKa@M[Ig@{@cEc@iC?w@JwAJk@rBmJ~@uEf@wBRoAEG}CwAAE@UTmAhAgEh@gCPsAD}AFc@J]nAmCj@{AP}CJo@XoANc@RYNKVAx@Pf@PjAl@tAz@,2,,345.3,324.2
25,2,Afternoon Run,4680.7,1572,1819,22.4,Run,4213303944,EDD9C894-09A3-41C9-A259-653387E4FF6F.fit,4507618446,2020-10-18T18:28:43Z,2020-10-18T14:28:43Z,(GMT-05:00) America/Toronto,-14400.0,"[43.450987, -80.497088]","[43.45103, -80.497174]",,,Canada,43.450987,-80.497088,0,6,0,3,0,False,False,False,False,followers_only,False,g6591411,False,4507618446,2.978,6.1,True,168.1,181.0,False,True,0,3,False,73.0,61977875,1,a4213303944,soehGxaijNjBv@PDLEP[Le@j@eCTaARe@DEF?VBRFxB|@h@VvA`A|@ZPLlAxANZNt@\fChAdGf@xAv@pC|ApDHLD?NC\STGL?JFNVJ\DfBHXJRRPNF~ATZTBD?HCf@Kz@m@bEe@nCE^Ab@_@lAoAjEoAxDoB`Ia@rBwBxG}@nB_@h@i@p@_@bAe@f@i@b@kAr@mAj@yGrDkBlAsBnAuAn@{@p@a@CAEcAyEUcDQoAc@aBiAeCkAuDUmAe@cD?K^m@|@_Af@o@pC_EfAyAtBeD~AwBdAoArAgB\k@v@qBrCqDh@w@jCuFIo@GMqAeBcAiAU_@Jw@~@qEv@uCD]CUIOMMo@c@eDsA_@QUQUY]gAQY_@QcAS,2,0.0,343.4,324.2
26,2,Afternoon Run,3320.7,1110,1235,55.8,Run,4203595900,EEC81C9A-A3A4-4294-81FC-8A36A856F2CF.fit,4497337611,2020-10-16T19:55:04Z,2020-10-16T15:55:04Z,(GMT-05:00) America/Toronto,-14400.0,"[43.394059, -80.416923]","[43.394108, -80.417322]",,,Canada,43.394059,-80.416923,1,6,0,1,0,False,False,False,False,followers_only,False,g6591411,False,4497337611,2.992,5.0,True,170.4,180.0,False,True,0,1,False,54.0,61977875,1,a4203595900,ykzgGxlyiNa@u@oAcDU_@QQc@J_@T]Z{@fAOLOFYKq@a@[IsBCiALqARq@RgAf@uAv@mAv@c@b@qBdCU^Un@W`AKz@A`AL`BK^o@jBGt@MzEAdABr@NlB@rCRrE?x@GjB?j@JhA?~@Fz@@z@Ft@Jh@JpA@j@CnBBj@Hv@`@tAPnDJn@P`@PBNAv@WZGjBI^ITMhAiAp@a@NOFOFi@H[z@cBL[n@_IXeCNuBVaCPaDJkAZuBl@wBN_A@y@Eu@g@eEIgAAkBJkALk@L]Zc@XWXOZEX?t@FNCZq@lA}CbAoD,2,0.0,316.9,276.6
27,2,Afternoon Run,2847.0,1021,1033,21.5,Run,4199899324,784A6D17-F10E-4F95-AF91-474C477252B2.fit,4493402775,2020-10-15T20:49:50Z,2020-10-15T16:49:50Z,(GMT-05:00) America/Toronto,-14400.0,"[43.382665, -80.428986]","[43.382807, -80.429188]",,,Canada,43.382665,-80.428986,0,4,0,1,0,False,False,False,False,followers_only,False,g6591411,False,4493402775,2.788,4.7,True,160.3,173.0,False,True,0,0,False,33.0,61977875,1,a4199899324,sdxgGdx{iNy@SW?o@Lm@Tm@`@m@j@eDpDIPLTb@l@L\Bd@GfA@R\DrAAhBDtAC`@@PD\LrAbA^b@f@z@d@~@Pf@P`BNpD^R^JX@p@E^@LJLXXrAJ`AApAKjAU~@INc@TgA^[pAOxAAp@Bf@\dCN~ANl@DDH@t@St@Ot@Ud@Gj@Op@Kx@[?KGu@YqBI}@EgA@iAJmAlBmNl@gF]QuA]oBo@mCu@g@SWQgDkDg@m@a@}@YsAM[IGEAs@JY@SAGGEKIs@QmC,2,0.0,311.4,293.1
28,2,Lunch Run,3669.0,1242,1516,60.9,Run,4181833620,06619153-CF86-44AF-87AC-645D3D99CCF0.fit,4474098381,2020-10-11T15:21:27Z,2020-10-11T11:21:27Z,(GMT-05:00) America/Toronto,-14400.0,"[43.393999, -80.416886]","[43.393899, -80.416787]",,,Canada,43.393999,-80.416886,2,6,0,1,0,False,False,False,False,followers_only,False,g6591411,False,4474098381,2.954,5.3,True,168.5,188.0,False,True,1,3,False,58.0,61977875,1,a4181833620,mkzgGplyiNm@eA}AmDQYIC_@P_@VwA`Ba@\SEw@a@[IiBK]?i@FcB^iBn@eBx@kAz@YZyAtB_@j@Q`@_@pAUbBE|@Dv@Ct@OZQd@Kb@Ip@_@vHDf@RnBDz@DpEH|CCnDHbBX~BLvB@?GdA_@pBe@pDk@|Ck@lD[vA{@vCGl@?NBDP?JCrAw@p@q@bAq@`AcAp@g@hAcAf@YnB{@r@g@TQ^y@?UdBo@n@iARe@Nc@Lo@\kCj@mGb@uDPoCJu@D}@PgBz@_ELaABk@Ay@Gu@]kCK_BAyA@g@Fe@Ja@N]V_@XUVKRCvABNEDG~@kBn@iBd@cBt@kD,2,0.0,316.9,276.6
29,2,Evening Run,3403.6,1119,1122,29.9,Run,4169771769,DD42FF81-F073-4ED1-8099-52287B0BA8E1.fit,4461299795,2020-10-08T23:02:49Z,2020-10-08T19:02:49Z,(GMT-05:00) America/Toronto,-14400.0,"[43.382918, -80.428874]","[43.382503, -80.428645]",,,Canada,43.382918,-80.428874,3,5,0,1,0,False,False,False,False,followers_only,False,g6591411,False,4461299795,3.042,4.8,True,169.6,187.0,False,True,1,0,False,53.0,61977875,1,a4169771769,efxgGnw{iNk@Ai@Hq@Vm@^o@f@gAfA{@bAq@~@n@|@Th@Fp@AlADFPBZ@bBCxABtAEZFZNdA|@b@h@f@t@`@z@Ph@Hd@Df@D|C@TDLZTf@PXBx@GT?N@JLVt@XrADt@An@OrAOt@GNYTq@ZUR[j@Sx@O|A?x@@b@`@hDRx@DJJJn@ElBa@zBYb@MZMTUBIA}@WsCCm@A_ADoBLaB`AmGHsAIMSMsAi@a@GYBURI\Eb@ArACJMHUHYBWCKIY_AMYWYWKu@@[Ca@Q]WOiDGi@Oq@[w@oAwBU[c@c@c@Yi@Q[AoABuBIoA?]GSOHg@R}@@UCGKMeAq@@QFQzBmBrAyAl@i@z@]`D}@,2,,311.4,293.1
